# cairn-archive commit	nostos commit (composed through the rename + retro rewrite)
0001956a452da9b100323b557e0508355c222956	540c1ffd87cb01d44058ebaffe8f53d1321979da
0026c47a9c92570849e8ca003a439b78ab9c3a76	1751e810ab9d22b27bc582459334a850c921fca6
0028940cb2b431e44ec20381ae2367404a9f8a11	fd901f2c210a62a9c50adcfd5157ab9db01bcd8f
0121980a8f5a3545b4e15fa39fde581003fbdf52	790b83e091e637f41e0ce237e83c200623abbaa9
0202c20f713d3f13dcbe1ff3150646426fe2785b	197e986c0b1aa961d32ce3e3127d8b6f0bcbbff7
022c7f8fbb6ccb210727f3ab58feb078ce5aabbc	cad8454c1ffa9cce837ca33dc3ab5709c12c9f6b
029eba7b9635b23a0278d08e9dac108bfa82cd4a	90ffb2a9f3215b89df7272b68b02ccf971d8e456
02bd868b8a36ba83b36564c8950edd5ac9f4cdd0	a9cc50d47e53d8401130287f000e94ed4d016f57
02db2190939866b40e9d8d2ba72a7706962f9901	7396fc8c50caf6c657aa363ff2f7d9eb30de58b0
0315598ca53310a5d4f84583648e63f25838ba03	3fda345173352bb9a18b7703c97e6f21f5517315
03b7a130b510eb4163d1c177ed8456bba43b9d7a	647431d611027a083c239bd51e0d71d4774d457c
04360f6c9be0f8e5e2054716818cd9e3fc6ab3a5	d65dc8776f0b7ed64ccd090e7bbaec8c9ace0da6
04630334979c4085b6bd1976d6124032766877d7	c7a67dda226fac9870fd4b5fd74513d9b27d539e
048d3b02fb524656fa48ddeee2a7876332aa800a	24dd527c28ce95e5a15d84d5f2eb503e62574e81
04990235f19c4d0f6dc9a5188fb4333cfa751a57	2a7407a5a2446f536785d18aae60df1b9bf94d93
04b7babc03c78dc99e1200a08763401ca05b33a5	5229d72aeb22017baee2a3c2651d56aa7d552374
0661874092db8e883cb939a2f2bba23ab42be681	08f85c2cb83a07601fbbb25335f82b520c9f11f6
068c3d125fec749684c910016a5d7f203770b57d	ce6547a85b7d22c3c33e9ba693de19669bc9318a
06e0c6348a6038ea301aafeb5f3338807ba46b1e	5eef29eee228c63348b1b6b30c8f6d1809c74c40
071fe96e5752f118bd1f0e427332c83bcfb08dbd	73b579343f7e4c937380dfebf2e74016ff3c2a09
074c60f7fc6c61329f473c4e311a8e5ea25ce0b8	1c455a6a49807206fb4dd5b067635ffdb28fcb4b
0811fe75063534af24b64cc1c07adbb8e46aac54	d08cb2cca02ecaeeed2fe6eab931f68eb469d24d
086487862a6c180acf5aeed6ef601cbc55466333	78bb158ee07e5317191afd7021cdae1cff359366
08a183736dce917be48641f8ab02cc995aa2d973	0e7959160ac99ff1f203b9656d16249449c7fc36
08f2a8874f32bc05c64913be521b838ad490e32c	1ee2cd9e59a4a47f27c53194d914e5b1f94c1356
090608a3a0b20631160d0a6178b0a8b8905585e8	529aca9703b88d0610cc5e029d56426fa87edb08
097c12641a8bbe9427627485826eb4d85e17d355	9ee9b10f1d2dc8eef257b99e50567d775ed50939
0a500b8e9c65f3d27c9aba70fde656bdacfa77cf	e9b1e4c8ac8298f86a5e0ba03c9b02e3eb787fb6
0ac17846eada1a0db3adee828f07f8436240a6db	2608a2adb2624d4f7769907f6cf6936fcb684f89
0af0e41288c080cefa14a252ccfa48b5c168eeb8	f2e38c685fb5bfc91a671222384bb528012405f0
0b3f47a2f102a3735885ec2932fd90559d764f8b	d97bef394f582372a4ea5b008c35f20941ddff2b
0bed4ede73a4ac557f2be428486394e088908f75	10e396a638fb29255a7248c61e542cc40d1848ca
0c00de089e08fcb21f32612c5797abc6f436cbc4	b045dc043c4dfff2bca43a7b2170238d12a93392
0c2acc8de3b8deb82f53e891b6d40d5de1988c2e	a6246f82a37340b6797551cb47554e9f55d4203d
0c4b880231d81ed7e310482467f4d7b608776e08	3eb4b78774e60af0cd47ab086bfdd5ddc96175db
0ce4bc42f0a59db4c5074bff4095190f2fe0a4dc	a389e4e8f9924afcd6aae6fb45894755d27f8753
0ce580c69ec1b53bbcceb9a5a3bce533bd22ca0f	4646c58adb0dc92efb1abe348c7a6a9603ada044
0d5cd4c2532ab7cd96aef93f24ddd35fa3c2c360	682d0a3e08f1ad5638c0d56b375c1e20750ba8b6
0d822e541204034f2b94298c208bf88ef9a2e197	ad8401db2a57f806b56ea5a83f5383d0620338d0
0d9a7c128b47119b719aeb0e8229da07f2452d04	035c3065f0ca7972a52f9fe0d632f950ec249708
0da3c8ffd0cec0ae6186cc55fb76b775e49953ee	783fd4d958915be9cbb6b8ac1ae76972cdcecb39
0e309293197a22194be58fb297032c0d4f40b88b	e000621cbe0de53b722442c7732c4cd73f566033
0eb23d4222abc798dd160a6d877a59297cc3b0ca	0a457a81854d23ec39e3d6cdc6f1a0a5435c00d7
0f44dc1d5987506a655367ed88fcad45c791f46e	ef88c705dab3e7d38cfb81064b9f6234f29ff91f
0f72a78716026a278b3c95232745b05ca1f8e3a4	016b352a11bfa1cea3610abf0b9363c9df5b5280
0f86adb329c106b8c3e083f4deb9ab3f7da7f3f6	d1e9c587ca851ca8dd5f147324a770592b1604c9
10cb9061bcd196cde7edf417df1d40916cac4d3d	6908bd9f56de6f0684100af69b83ce5be8e095dd
10ebc93b445ac6bbcb6094e1cd4505c92ba4231f	ac78ae51fe4196533e92b432316d2b8870d27686
114d2076286e329b443cd3fefffb3f284b45b7c0	fe6932ccc8e5ae7fd6fb69a74b6d803d7b6dd5b8
120b85a14b9da17d018c2d7fb02ba274e38c2baf	6434f0590a8d4c03d646e3a14154ab409f47ccde
125c51e8a16da91dfcab20d4b13b2b698103fa25	3b6f0bcceeb2bda9952b83a2f751d48c8eff0c6d
12a2e5c2076ace8adf434aa5af3b2bf464123684	f83503a5125d5f22c42163d4b4660cc44cd0c372
12e7a2c5645ad6f889cc34734dd7c33d2312f871	ec824e554dfa947810a7f4ae4df3b144417ca5d9
132282e77ddc4f9484db5da4780f6a4609f59a9c	9ea980600b15c6d5d2b2ba39edd769d2d844b9c4
133ac0cf53c9e14a62c9f21dacc63651a3b88882	4def99fdaf670306fed39fc0bd18d72fda906643
138e68056a074768c84b53ec16b141bd308871b9	b5d63f0ea2eff820277c8b78b25e6560261c7d2c
13b61ccbae0827b4cb55c85cda63c4e2f1696d5d	1a0ddb86f92e2fd9ab414dcd42492ac7e24dd8d5
13c4faf53b6ececa31d673af9f2a9e5aafb49c9e	f1772708ddbfcf1f42f239b5e471950e529815bd
14040a610170f390ad2e6d9076e0c6fa29d99dca	e92fc8df0fe02bcbbd90cd52c43ce5392827e201
1424c9376986d570fca13c57de20fb9090f1b9ba	6ff274bd36dbf8a95ef36fe1cd772b231be94d52
14496642cb041b5fe10bfc96c4fa56dc260135fb	49eff57f2029754f37678f39f059be4a99966d56
145ee7e97cba16e966424837283c5b97b41d141f	0b6be48ce15771be2a69aae553b0c7b25f79c4b7
14ef78952a641ffe864669dd529ea6b23ee1b20f	94b0e725f5bb4a897e905e29ae69a44985ce64b3
1532c50ceda28c49f691f6b62c0ec3715d1371f6	b5a703d6b89030f469dd1f1e5b9e644653f652b4
15892771f3366fdd422d5b61b2532b050b0e4060	d98c62f8e23ec8b5d32e0c831b63f21f5ca8a7ff
15cfa26abc28912f619714fd9321a6897c23422a	0de368c80dcc9fd59c0505d7027fc12460286400
160916e43b94ec9e8abbb6feb261394974c7b547	8757dd137c1af7696f5344011648b6b1399d2b96
16272910f17c7b531cc655b80c2d8472ca7d40ff	6825dceea2d5bfa2886d598ae49f8b847305af1d
164d75205937e1ada98f2f9ad0d384de75d5a351	68b5dc2ca6b955eb8d0468aaeb6eb3c3a3ec5fa5
1787dd86d9ef5434a4fba291333ce7c932ebbb15	0b1ee961d28a78fa21a7b34e94d10fc142aed609
187ac9fa06f2e55fc46cd434ab88513100802fe3	b0be8f79394abc9c60064509e0bf83a7a31b6af5
18df3a2b513691e5b453c9e852dd886daaf5bf92	e7ac28fc45e02d8b750f369e4d6269826c4403b8
193dac7d6ac52f7ae95b83e93741d948559326b4	45e85b178cd77a8519f31782c0e08b12385e83eb
19474e907bf21cae05ae24aadd4302992e8a8d9a	be8fa1efb46d912a08a376901e268552a06bd22a
197b9f4321f38deb97204bc25489c2dd6ad10429	cec078b94bf08d4ce71611f726cac87922104322
198bafb33e3191c6916fbbf49fa039239199a2ff	22aa28a89e3ac6ab1999a7e62baa4402fedc3fda
1a333b6fe5b1f694ef5bd0f478a8f42c2381449a	8d0ecc433dbe56d963512ef2f0bf6db898b1b4f5
1b2022c1271d42df5ccef2f7312bd275b1c27011	8694d9b25d836bf4869f9761611cb2b47b59bb52
1b438eae80fa1504214bee00a6a8ce45ec29f829	5aba1a78abeab8b9e86df21af6215727df316d0e
1c5483af5e7a07573358570901623471f6b63eb8	4a108b400ba1b38ab86b41e69e32466d995ba57b
1c67937d3836f99cad0b4a886f7f58603bd653c4	697684b430ced89c85a7afcdf8c61aee1c470274
1c81198b405e8ad25872ec004edc92ee24dc6d39	32e5426ba1b17d629e605d0c1d63f648329f7d67
1d2cf885a5cfc026d7eb467086b1d8cb9375ec63	30b8f4a3cec1955880d53f4312ac26808ac9fbec
1d73cc9fed8ed3b8845037eed456fc6ecb160352	8af12da9dad8024b7f7f5b52f29c7f676982f674
1d9de3652c5c8a343ae7ca4931c4bf673de6330a	d67e5735abb07d144bb009678a68537b847aff04
1da618dfc2be11a9eaf7e6e40617313e6174d581	556eab38864c06e474985b5bf01da51b55cffed7
1de602387bed757e48365c1acda39806581dfaca	4b4afe7fed63546dfd451b99e2a78be8154f3966
1e585756bfebe19f991171bb25548735efc39b37	b672a9245bfef87a60eaf13b32f2da7eb23330af
1e5de4d1db615cdd17871c4b7437956cd1d0c630	91799426b6f4202d4f20c2aebcb45ad7a8fd1ecb
1ef75f467026410de45ac84c6f27196eee9ac639	ecbfcc77640071692b4aec09ec8ef687a45343fe
1f8f208e735fd49335673a9adf31e4557d906d39	b7551eff9333886c03f5b35c23ea99dbb9dffc25
1f960a73e0056bf0c57793c7dd9d1824c283af5f	b8b3d145e13e61c7194e2396adfc5de5c66f16cd
1fb51715defb731f268bc08b8a923cbd9b8312aa	e39329a0ee845a804f33711bb0068a6997527a87
20261c2595b5564c60326ff37011dbf2bf723315	e043bd3e137fbc277c64c105c4ecda2f3b93f136
2095d16a2fb1a3cae57dcdc6abf04faf29cd333b	0abeee001d794f820045236e8ae3d35e0807a2f6
209ec36794f248833e74d2724756a2f32a8e1b0e	e749c27114c35d65065a57595cda32c884e01f81
20e6efefcd4f08ea76d271e74842c66a5fe5ac2a	615610fc9b7af71760b7ff5a5ef5ba8c8709984a
21315ce6b6f0f94826b4e681e0fd51b333828388	a2f61bbc6b86f4768ac9d414ecece4595a168799
215f91e56e66c10ba0ec847a8aa4ad2b6ae4b97f	78bb873afdf64478e8ba1c0a20fe5422f8a79c57
21afef38adc90abf5a6fefb626c29b56786eca55	dffb87a0050c021c15b289afda76c7b56a8aa867
224ccefbb49d50d8318499cec2e6aeb5e67b4d65	f08fee4f3d6e861f5a5ddf0a079192e2b8d8f794
2267ed93455b26e7e1871f30e966bc567eadd2eb	67eef406b0d830c91df9f504bdb5779639fd0fb5
231664c89942bdcbe82d94548b6cd4122f5f466f	c69cb8ba30dbe781ede6d9618d1d5f4a0c85f126
2358d296a1011d992c2299b6394173acea23dd0f	958edb9751472b233b82e93718c486c159c5bbcc
23c265db151cb6ab01f82a5af2e688bdf5c83ddb	74eaca1c4147e25ee8547688c3f1f0aace49899a
23dac462fd8845f086736c6cb8e1ae3ab31544d6	17f3fccfc3037ac944e601f6e5edae8c89b4017e
243def8dd6f47962f86cb5abc923f11732c6e6d8	44c92e52a6e5a925791b1ad493ef24c75a3a7f19
2487306fc91dfeeca5abc1b4d0c2cacefaee9a76	0cab58260b0533ac3ab04aa0c672fd3bb0c95ea6
2569e3f0d10ece5650757412327817a0d981e277	fed101500e844f93b0592a5712160ba4616e756b
25812e70adecbad813ea814be105d6104e7e9a2b	c7942b24b88b9550c6298d20a9556dc14285c71e
25c0e93903cde45b3af44953ac302f7b2a181c30	b5dd15c98809faa6a4e18c75ac9aeb9eb9a7e77d
27163ebc2c40bf294caefdea3a187d509f34e335	97a8bc74d4e9c69f81eba26928237c6c14359b0d
277b4ece99946e9263ac414db322293e40e397e9	c200073561d5d2784591faebf397dd80f83bf644
282e558a7d35e86e05d3ae0de12ec11b9148dda6	b7a6b9a3ad2b425604303bf41348ef7ffab7401d
286f15334c8a1939e11405536c3baf6b5719bd65	07d587b70b7b393eceee58cf70aeea8a68d20d7a
289ceff7b6ebda6f83a0cab1713662dfd3838474	908a84537f7251ad4f981ea334e0ebfa20526220
28df948a16a64c9ad067dd12d3dcbce11d501966	c6b00c72724775dbe8a343b9d89cfc466fff0ef7
2935168885370a115bea95beb9be11b927c2a6d0	bdbba860512310efbd0dee0fdd9aa2c24a4bde67
2a14c866f73dd82dc538fcd103c3e53126b99047	d263ffe957358db5088354100390a25fc702e1b3
2a2e995722c07733958fc2cfcd5cfe6a778391fa	dca01602c129f8366ca6f43a8a2a03236935a10f
2a4a065f375ee923828513ebc9298a379f4abd02	8817fa48e43a3dfa89a4d19833e343abcc47be10
2aecd8d57fcde9f760892e483f1b0fc940bc0773	b63bc054616051e0a91ea480bb2202e9df69363a
2afacb626b3709c16482fb1e9a7a85634c503f5d	16cde428ec967dde3b94e60beb6c3da1017c56b4
2b282b3e944a2cc36dfbeddd6e5a2fc053423144	551da4c2f872d76b5a48029b21111a52cfd4e556
2bb2103f75aecfe375047680f655980a30b6932a	00536b01f0f5a623163f2558a43394bf12421f69
2bf9be94bd039eb6a22130487f119e83d3b77951	a69014f0a5478c1e2fb689eec099d914b1b74493
2c9951d3ba1a834544a28c7576a3797f456fd2f5	03cc9d764af8c9e957967b4f5efcad670162bcec
2cef2f9176d11bd674ddd005302b9ba71cade389	fd7cdc7d37c09d57ad24e9c949661affac5eb39b
2d9c925c5dcef030d5f778b6baba52b92dd01b32	dca9369ec5f95dfaa51440b16c3bb09c98963e92
2e5ff78faa91ebe0dc63efcf21fe243e7ddf0a58	15592be18f54f485792dd71542026ea7c953663d
2e615a9e9d74469e0e857b6156885791b2e7d077	e1448d03620ad17656a81fbeb9914bd4a8eb39e7
2e6cb9c90130328861737ce283b4b0932ca7dc63	71fecbf4f6a4243e13092d0fb7e0fc6603b61076
2f1ad946c50622c352ca328300b06354a9e3946f	b6bbaa483807485313eaa8d1c6512ef159070401
2f1e148ee6b4087afdaab324e3031191a8bbfb24	d1d73ae42e8789c9043334a3418932ee996f1c14
2f27dfb979f336e6f1fae9ef74365113a8bfd717	8afa440fb6b30100828733150ec5c60951e91070
2f2c93ad2166bec34a8a383ce092a18e1dd0fcde	325bc8c60db047310c9b5e62752af3267c0486ae
2f6720fa33a50eb5522880137a77891f95d59a92	f50da88851ff1a439eaaa72b820934a665d63e39
300481bec22ee568529c2b5fd101358c2e964635	3f14a2fe602a620734a72d73eb97225c1396dcef
3154ed40e52e07f2a8ba37ab468937d9fb1bc5ed	664e81e92f5dbbd0ef7cc6b9b9a06696c3131acf
317b4d133fe54a90a7246830d6b64d276ec493a4	41eadff424169012e43d58b0c4cd4d7db788a5f3
31a49ff7be9d43e7ab616be2ecf3953ff44c35c4	de99ec19f98ce4192429540d5f5e05cc7ae735aa
31fcd1c8fbe3d064ba59c0a0f0958f55c6c71917	a442ecef58e7c02da1920e5f08a563d879ea911a
3260ba354d007a3ef2b03750da5fb0d5464995b8	5310ef5678b666c281129b81d91fb5eba0ca5764
337561229868f1f92ebc614f2342b10cab4e6a37	4c545bebaac48819b721140f00d248b0815070f6
338e3f6290e2067d1b6c258a3c9c8e3781d86042	899530ed26f79400234861b450f95c83b9ff9d85
33996e50b5aced650e8dc5dbbd55854cedd837a7	42531096b3a8b9e7fbe17ee4ad2056969c1f1d94
3456abd30f8a77b18d783d36de5aaee21e68a4f6	7ec41bca05f5832ba058fab8aa7712bd4910593e
34c7e1f51a8c7ab9ebc8ccbfa778511ee45ae9f8	325401994c3d0562426cd4e1233fca86f3a7e41a
352a3c54079a024a369b62470b27414696c60bb4	d9486463f286d8f8225c4a836c66366281823159
358d509bc88178dece2df95550b67e5cb43472bc	6c95faddc5ae2eb442b5280683d4ac3f08546711
36348fe635166389ec6ee8d82139f82b120d7b8e	cf7ca7f9b2f15f122a1cab69e2b30347e3df4362
37b658d4382249133520382ac589923203fb467b	2dc32a46a45753deb8300d76a3263bc23d16571f
3819d1f08eef1ef86d3bdc457c929f02ecdff705	e92cdf68e29ee19fdf4779f877c2274adf591711
3852abbeb8407e23fad97341152eb8bab6482bb7	66823afb25e7751155c7596cd8dd2f0b404bb54f
3885262e131cc8f98d0e51603c760afa42026326	c6c7e9808d77d1a9de585c554aee5fd7a82c360b
38b989c31eefc226953ec0561e25f295792d3ee8	de4250ade562ff96d3387b57fe61a84976526722
38ccebb7d2cafa0bef7fd073e2ed4afc099048e7	9afd3dc1ab8c675c4a8bb0d32e51b9a77554cb3c
38d76adcb80f489279ad25fc6bb0dd8ea5a4369a	5956c840e41b6f78ecd0f95c6c2ffea89b74d11b
38f4d084f5c2971b15603d304208b2aa9c3d1d28	ee77b603942101e4fcdf54fb61419fabe885c170
39d84775bf41d33cc7813b4f050dd4002f7552b8	3edbf585d801640801681bd2a0596a3f198ddde1
3a115fc82a56d382b046a56aecf6ea4f5721a46e	fd6ff6885135fb134248370899771090cb39f0ad
3adc3559375a721578550a367e4acb606cfcc16b	acea45fdb441b6285c0be255c912498d0ac80b0f
3b23b046e8d1e999320561d4f1b8f161180d0108	814b8e21c72feb9a9597fbdfe1d6c6b9e40e6628
3b5e5327d1f8bf2f32676f8ae13532b330d9e0b3	1eba195bcb4fea0cab23b67936f1bb0ffb314fa8
3b7b7a5f56a1d62aeab717ade1ab01d4c6bc6411	fed208709d7065ab20b464695bc1caa032fffb0a
3d6be6ecdfdfdbdf7fbd4fe8c5ce108a5aaa1cff	07b396753ac74d1e082bd070b1e4ce9257d99eb5
3e61a126de82a37863faa75615ce48773d25c7f5	a0ca6da9566e00409070d8ca29e997e0ee3bca12
3e84b5215eef19178b1473b178374ddded6c5dae	95a70b6d023d5f2bb75dac21d120d1a51e75ce77
3ea3d99776f493ecd5303c8d3c74038d2efc2098	032e9c37dd2ef870fb97ac1873a7c08601635f2e
40074b7291f92de260194519b424b9206c3ddcb6	bcd2d379113995b5f2698e32fa989ce3ec625a1b
4038b332a9ef68a207fbd1f47b2a31a0b65bf84d	be4c8f0b1f59a5131d22c6d36abdfbfa2d51c202
4055e293b0f42b44af101f6c335397ce361210b7	27d9f9b1c2c05a8be3255443cc21a08a1c2ed4bc
41680372fe0d586a4554ece401cb5d2f0473df36	b2671003500ae711fac1d2dcadca1ba00540f77f
41c65ba1a7bd8b07304395fbbb638652c7df1c87	d6d3b67f82e749aa1d3b0206cbd449d1dadd54f1
41c8dd2aa305ed2648e94cde028273883104cc57	871794a1971da22b9e3b7ed33f6d5985532e30ed
41cec71f37b38b6d8acd268fa9115fde640ddd7f	6dfeba688590e3bf34be658b563f8e23076b9730
42148877b7626c98353c1735ac849bf8aaa52233	d1ed6a116a189ce3d2a5fd33795dece6201fb6db
42908d6094089a966cfc86cb6558de88e4173227	0a52b79a8977e732a4de67d0ff5e8e76335de9ba
42da8e583af6065e8d4aebc3453d71cbc4d1fc31	aae4fe86ff272295134445da8120b5f85876e078
440b9cc4911c7ad1e7d88a1de7d64d418da1cec9	793b8018ba4dde0c27eb930b63ca37a120002354
44224f2bc96787fe16066a3fcbca7e4c37f7c4f0	89e7fcfe428f175ad89c1e10235ecbd74683ed62
442857535f931b8fa560ef2d7bb30385bc8e740c	2b547573fd938d488d76b9d67f00895b1c6bad91
44480281e8cb3af79fc122f6ac9607051c84c050	ae0630fea5382f6bc08cf0d82a6d71145287307c
44a3d6168dddfde5dbafcde068b16dc3d0ec07a6	719fd11a5a538bb80a7dd9510cecd6bab6924608
44fbf40145300ae5ee0297f6811423ced8f92b2f	0b8754b228d39ba1254fa211fae814b3af9c6969
4535db0f29f59620623d2b7b8b1ac675c18c216d	ad7e52524df827e2e509b4f84680afc5775ce60c
459e78745b0f660dbc0b21ac50e25dda60e693b2	d5b9b307f15cd7cf00621da749deee9ac201b238
45fdc709c49cc33de60eba7868c209441526f005	9aca79423d308e1225772517f2a1550ab1a5ceec
45febce82613035a599ac42a500dc480531f92c4	1eeacf82a9bf4e590144a245b4687b7301d6fb74
46573fbba5769ff2a3484e59499e2fcab528be74	a659c44b90c7130a0dc92921f8042893f12955dd
467a1913fff45932c68fd944b2423ab82da3b5f0	19c85a2ff59bd2552808f3b737d327947ef0b12e
473ceeba332255ae2cbc4e780e1e081bcba676f0	2631c8be3659c2e82122c60442b43c8bf84fe6b8
47c178c707e4f1dfe7cd042f4d2d83eceeacf30a	d1a545b81fc03fd275bc445dc257e4d63bf12ac7
47c78b1b1b33065565791037ef627cea9abe16de	c8773c77393f0a7e2dd3b3969054348ed844fb63
47dd8d27a269ed2df8b1bf8f0ffc939be8bbf28a	c4cb53ac14c90d47af80dd3ad387c078375409c3
4814a2715c6f3a83ed92e8db14d218a482ddcaca	a828cce6bdc93fdc000f9d2f1542c289e9c38a23
486cddca0842100b62f325f865789566f68e7454	5f4fa8b597dada5b5e4948e2a359633172e248ce
489ef7c13c5698f23c57820ffc15fe58bbc25b63	45c3aa26c8559023258b6e8e7a4f8b7bae667ff8
48d6831f2afef32b41a9b8ef3e896934eff5d162	5b25ffc7dea3149626a11490bc3139478e76a4f7
48e0878ecd8438cf15c9f563529a856986cb8403	206dece363e95819e2c38ef4770813b15e43dc5c
49053b2b3fec10c0138287bae24865d69f985a85	539e88affa80bdbe8e31a991bf0fb0a138268733
494fdf8692e26bf44f791385c0b09d1926af3db6	2d8d6216b4c54be830e8c8268376673a9117b614
4955015b3416dcc8a8702b3dfe3af0c0cd8f2673	1e61d147b19f5da78a46a54a7f7f4ec3def6da8d
4a0b69f7fbd1c24f11ce893250aebca9ab9a2df7	a67e2da46e2c4f2bad1d29beb04f092abe20d73a
4afa4fd4e82f73b19921aa4eb7d5065f1a796298	5502f627aebccecdef5af96b300a43046887f3c7
4b0fcfc0b7d1796fb7049de869187cddebfd1c00	4fadbc3135e09b6ba995b58b02b4524644633e2d
4b57df0223e28ea6ab8bebe11b798d9c33879c94	0e258569e44a74c78997f3dbc6a6e9cc977d4f3c
4b5dcb5e1fa063892929bbc6713e7fa2599f7177	4ae4259f07e6c6c550a8e8af79e4555d5f2f74c8
4b8d0dc17b0632273b0969670d4ecfb93aa4a03e	f8d4fd6250b370a40c4298a92dd117638f408bc5
4bbc0d4b0701f15c8a607d3ac6c0e0e91d324af2	30fe29e333b8aac3f8de4a5f4617385622d67f59
4bf9a0ddee00788343c3444e77d3825c60d87c09	1dc27b2dd88e3e172c16e5915d0fc11967170939
4c3ef46b387ab7d5ce1c29baf3d9c2ee30712858	066177c69a77755460fabe298bcc695bef0a2847
4c7de719fb14dd42f1ccacafcfdad7f3238a2837	31ad2de725b936f864b55f601ee6a40923ad010a
4c892add99f7c9e430993c98cd27936a2b19f0be	1f1544bda10b7db9234fbe5cda6069fc92e231a5
4c9800245d03e96d5c45e98bbf24770e5ba0fd1f	63add8260e47cf0e1a728d460bd8993ecc39608f
4d2799b8e5068a4b4c74ef3c1bd4d8e7cdb9bd89	598fff0dc9491b7d8c0a6784ad6f9a34026a5624
4d3d3659cfda0d08b0b4552c3ff85aed471f4ae2	abc6a3ca5d62c7c82880f2b143d859a8885efb40
4de0fc21f0341c57dfabb412b002c87e65d7d8f5	1b67370fa25f22184e9ea705604a6fe09866ef96
4e0e3d6d0dd31261d190173285fce2dc8247246a	41f2b9c4bbaf1e82c23e175c12d6a5a41b16509a
4e63dc4ef473adf5d8bd292d054ee786ff0ebe9f	f73a25a117a10e68b1c3443d7284828d7ec26dfc
4ed41f7162ee1007bf27b27496808474a0b08fc1	15a320c4f2f37fecfe7e2b8f957c110192be543e
4f6b61d8fb65fde4807c75ed16ad94a7494e6a95	98802326d349e2c812906d8019c8ca96185c6362
503ff3204b89d735d0f9c62e7638dae3147f5f53	6ec5525e0d628ffe2151fd38f2bf1ef19ae69e7a
51f92ca3c91dd59f213333dee23c953059eb8dde	9d29d1e4feecd6d5663e4ef1fd9fb5f74f3b7557
5247e434184089d481814615f7d395ddd3e58cc2	a88a7e1a51404858a1eef7ec5e34b064bce56e5c
52ff7ba171a0d02fd2cb44df5289218e06e2bda3	0b877b9e9e28376976bdab5efb1b989843415f89
5355415d7ecd4566a7494d9d41a69ed19093b2e3	1b6173383fe5b9d6aa53bca203c463b1371125ab
53578336da35e95ccb72c999c7370ac31710385f	a03c710f4470dd70041c991a91b96248469b25c4
5369102bd358c797dad6e67c2b2141a93370b149	3c08f9a88235340337a6c8a1a2a736bff623e789
53a018c300bbe1a50bdf73800137bfa2de2a17f9	7958877882f3eeea260da5c922df3ebefb05e8dc
54ab8583cfdf802a3ae3679aaf0befb85b2ae8f7	87b8de389ee59e01fdf67c391827bcf2aec521c0
54d256e3ad5f6aac4618f9f5c0b29f07d44b3318	b99736d083faef3ebe9a3fe8dfaafcc06b6a485f
550cc906cbfe42715c28b04898d9ff66cf2ac22f	2b394d48b188e259ae36d802a8cc50779170856e
55672c54e5a9fb7c6f56348ea64d6b7d40313bda	5d932da418db96b21df4672df2fabe751ef70863
558868be7111384f6e0c354410ab60201dd3a8e2	50f87aa7748b9f7d8190e11169c3917bf52d14ce
559b3113dacab643fcbbd76317e9669d33744807	a5260a2e44b62726d8f7ce025084ad8ef18e1014
563c817b55d21d84c899079f3d0aaa018413b625	5135315984053a3372e9d0fab377423631ca1b1b
5658515f89e8246727fc7df4b4d35294e2a84567	261de97fbc3e8123bf2a18b57ed189eabf1c664e
5661083305f257b93295a431a36a26e24b4c96a6	63658c9c15f9f54317ea308e24a086b55ade2484
5730ed8f464549fa675fe43179629a496686aa24	e9e09728258843aa6b8bd7a502efe3158bd4efdd
573a3931e24feab77424aad6e8e89a17b9c36e80	12752234b2b86bee89fbb93252dd3fda86d9b5f1
586d4798ca7c35ee02ba01c14da7aee6eff18f1b	e1bed3cd16533f5a72df827737045ebc6c1268fd
5905921556ee8ba891baf4d1b4ce2dcf10c41bb7	8fbce4624a72c4d35b91d93d5767c32821b9bf01
599cbf1b35e41664bd854e9461d0676ee560910d	9b5937cbcb57fc053fb5ea5b013d5cc2a109999c
59af8b7d61a0968e12e421e816be0330484c8c6b	6151a684253696a803aba1ed00c939632a9464c0
5a03d27b1b72aa5b361f43f7cad4d6c632210d14	ae5ab8502f37095a98a076569839f0134a5602da
5a949247d5321860e79a65e979792e965fbc5301	de9ff2d24896d5e97aa142c3075a11295952709a
5ad97ead5e8253369ecc702b7b5c45d6e5170abb	7e0360881b641e8efc18db69d5f6fd8298d07d90
5b37071026a70c07faa8f58724769fe48e17ea06	2fe3d12965c455cce964355b874d7ce3be941b71
5b43ff7d9b05d8b5b5b1932e7166b33e22d75445	94f5e7f5db19348beed5b15ef197edc086b10fea
5b49072b7415517dddc362e0d042ddd1e00376b0	a279d1048af86840c06009f12edfb8aabee6c271
5bbfd25661b3a907bb5ffc6eedb29997343af27c	0a1dfc13e7f1ea1b1f8a0e201dc9986ea580b5a2
5bda13d5f03accf377d739d1c7e5732a69fddb51	2c4120a8ea055395cde5aff4f45f473e8a78553e
5c7ca8b42136719877d87f42a7c7380d417145ae	f18607ec8a6f07f69802ad3aa7bf980df2c9d413
5c8b5dc83d7a8666aeddcc9910bd8946d66864a2	14cc099fdcb42f8d81476664f70829d4c24875be
5d09823997608dcfa514ca39eb49ededb0587111	f86b90c158e32fc4a5d0a852318f5636cef58d73
5d1caf9895225d7e7e3447a6e78a36503acc9060	76412978c6cdf541a076fcd0dd4f6333cdcb6328
5d3f898dea688dba3902d60ffaa74dd7a50d2fa5	89a02ae657c04a46e1999f7f223ffe5ef9bd9814
5dbc6a349231ccfa4a05117d56b16ca2055f0bce	8d8c157da9e832b3e034b6bea17d7b03906f8c7c
5dd31f9762a29b3202eb3ceccb7213585ad7742f	8a9be1e8a871a5e65c1df412f5f032a5b3781070
5dfbb9a7bce29d4f9b2646474f1284a6db933104	d4b1b56355daa27ffafd2e1a0ef0f0a66708c877
5e4aad707ae195479de773f57265cb2572374e2b	90e4c82d1766581d80a3c3df9382bac37c08ef70
5ea3a481c28390df2aa68d1fc5cc55bce9f61087	52646f85d55bda40636edfce2d5feaa35f0d1bb7
5ed43823b46813ea1fe79552f034f8475e568aa7	91320898634d5fbd1a792d0c5bccbf5722e56cd2
5f01496c317d3bd25c091d1546ae7e1b374c5e6a	73a0444084d46fbef49c7c54bd915f0d0f78e986
5f3f4b3ea9caa7fa53fb2e061b6abbb2058f6b0a	1821756f4715a337b36a3c4f0916d475bf90058e
5f73831a1d9557a600fbd646e712381eb9e78227	5cc0e54579e5d8fd2cb089b704cffafd4ada5c47
5fc5534cd9a37b398c9340493c3c69da5a12a80f	31b80f465e04f3d38f8795a4601e6b172eeebddb
5fe7bc64e5a6c799f99138f9b51917786f088fef	675db9c88aa3740590b5726b8e26581317dd7120
60547e4d26d394bf7ada3c551793a3dbd4fa1531	caf1dfc1bc157e9537cd89383060ef3a40521ad1
60b0865b0cbc2340234ab32a7004b43f83ad469a	be853dd216dcef0070c87991ab5e2d31f3087a97
60c075aacfd7b65c5e7a40697448864197662393	78c026d2b3a2382c6983072120456527b046317f
60d795af27a0e4c447b9ec13ac13ca9d8c3b15ef	50db45fa74339331aac6945e259d63f21bf06649
60d94901c08b6cba1bd40597bbc7db7a557f2981	b7cdd7a76e16337cacb00f8d93d326bcb9538244
60e50f129b07d6cb53009a2245be873d73c301d2	39e889ef52e068ef753809277d7ee1303cc26440
618b4d7919aab1380ecb276edb92af5f6ddf7b8a	86b9c148f005bf73d2fec330d7ac94ac042e6d53
61b177db870e3d8013257a567b6ebe51c3c91b4b	72707b0c7172fb5a621843eb0f8738b1aa638970
6239e1e17013e646b9d95d0a5f9849fad6f12ef4	fe53ec3728b1afd7944c3cf54df342b3809acc1f
628feb78888b1303e63787018bcc368318cdf5e0	f91d076f952af172ccb16ea7256561dad1346fec
62b94b58828a915b6630e6ef565843ff02583d5a	3539b5ed1bfc36f609dcafdf337d805699a6c9c7
62d7884b00939d33f89af27ccfddc8aeaeee7398	3b12985ce1ef16bbde1179026d76868d0ad9447d
631ab1ddbd9db18d346a46767ed28f58fb62942a	1d63046963bad29ae6cfa95c009a83c5464ad116
63628227e7864607b25a01ebe226b1dd0e87c8f1	af23b2846e3c3e09142d02da181420c2f5d41b4c
63b878e8c90c68d5c3998ba78a0a30ce7019e20c	f4ef056a9c8e25a56452aceb707aa8bd4b239a93
64aea8d82874f97921f0f5e7254e39387c0338ce	91fd111e297e52acaa6cd4d99f58e2af660fc27e
64f1e10cd680418377d4e54fb3dff03ecd9de90a	9f57ddafb724a54651d2363b03eb30bb41fabd33
65aa4ef9601ff84488cb1b5636cf7c94df0002f2	609cf05e118de202727f27fd9aef2b61d96f664d
65e162d0580680486ab91120423a25d11dae0b8c	f01a41b822a537f04302232b21f48ae1bc205767
6629c0ae379c5ad0af6a264dba4aa52e5f31f59b	0c2d1d55ba9bca9c1b4f2541c88fc3aafbc789d5
67716621ebe59860ebfaa0c482a7b7a928d31fad	ba874d30fffdd5ba909f07c20015bfd7f993995c
677df91516111413ffbe45207658c24693e1ae46	b7a2cd6dd46f95d3658e7d15c9fe5b098cb26c6b
67904f4be99fe2074aae7c4bec5f51eb6dd51ae4	316255038d7110146ca98460ee8be55bbee34e55
67d73d439908002293282d23ff22365fe2d7262d	b45da5b0ad38db41a683ef892106d9caeb6ebc18
67eecc3963558b7464e17355e3c4a06d2c95a2b8	969ec369a9ed255d6358dbecbc6d5040c45a12e3
680852f1ba31ba2210a3b71a062ae715806fbce2	22bc10864a14b1ccf9c87a919dbce47bd4a2486d
694c582c3db39e652cb0357545abf4ebda6a286e	25de8b1aaa5cefeeab71217e1e02e6d3a8454452
6a14f9020c574ee0264a6f4d079a7e8be14b533b	1f21c99e31246e559b3b2f1c2e6b7df345ce549c
6a852c36e57727e7e90cb50c2326e8079b06b72d	16c0f6f84b3c3cabff1b842f7a0a008ec5d3d7b9
6baae313dd1998590e4981b5122112c026764378	192ee3c564d787fb734a37cddd0a1b8097d3907f
6c5a49bb408ebcb7cfbd15a13127d3d93d3b5d2e	36c86bd5b8f7561fc4ca8aa3ab9725c5733e5c48
6cd33c7e4ea6d3848512fdaab3705d60b9bc89db	f1813ebbc806a00552ef8e355f15f44f25e76bcb
6ce0c97dc4b001a1afa75e6807a4741ce9499308	760962f5ac76b9f47e8bb6b505748d1b02b1018c
6ceec9d4ad204d930f1b3b40aa4660f265364a76	057f8d27f797546d553dbc3bd869d03f070c7296
6da8f470b56aa31ea63b4b11c2f86aef4b83cc23	ba232d0f65224a1e249456124a06b400c4eb4919
6e33f195bb8fa9badf4d9ad659a9564ccebd03de	644f681eeaab28bf05ca1ea35d9a826eeb77ed6e
6e47e5c64f4a5aadbe568aaa6b02d60b8a2658a0	bd045ea347cac70e1fb23eac7248d61ba504bff0
6e695a1db77dd3406efb126f7d69f20bee90aa7b	fc36ad3f42b6c039b3ce674db97100f69e628bc8
6e70ba5b816984c198fbbaea3473f0ce84adf601	d0c7fe2879f1d6df073cf3b2b95ae272edabe3df
6efd41e6eb60e3e2f01e533365c49bc91e3c86c2	b8f20eacb6092c28279a9d273f51eb83df65bb62
6f66ec59bf3c8e55d7742c53cfa9ad91470b31a2	73ea2c071aa63568aea6daced96a8d7ddf61a7c0
6f7252bc7c5846b8a4e1a1268ccbaeeadbe19172	b9d1269eedd0cb6d3e6da38f9e414d6d740d92be
706390ad77c33fbd9f0accac3360ec59e0a4df7b	04850f7d7a5e2f26d02847221941defe660440a2
708434373d84ec2be9ff6f4759094e9e14f3507f	51561c60a283852b060093efbc67369a14939338
7084adba214562b0139ea071d5d98e7fccdd6692	634ff9fcb0b534edf747afdddcbf571ffd94a5b3
708a28089e548e51eac4769c28c6f41fe9ebcd21	060f6242aabac242cbcfd082e6706cc0c166767c
70a7b0517ed22e0bd0852d1b1dd3a5ec5bbd7b53	d89c4f030b6c5afa22d52fa71981affcc74d190e
70f603aadbe58d5dba555aa6fe9d1ae4b3e6d11a	49e034d7c1e757b57bb0faaf486066ff149bf67b
70fd0b972e8d6750f09312b706366735f0fd842d	16bed3b12d4ae6883637ebae164cb8256f8c50f0
71ca78a1f15ccf46a87b231b351f7dbb45ce711a	1041cbc0d178fbcf64510517628e1398480cc02b
722c20134861db98f0a32907aa2bbe292ccb8506	5ff6c1a980117d46e9e189dfa50fad87f5d1d774
728348bfa3be0fccb30859671f468ce584922afe	bf2351d4f070c780d0e96264cd74e147b678f1de
72bbf90ab2978c31c5e99de756a9c91566fc3d6e	0082ccbfd0739138b90cac3b4a17cf363bde320a
7312677a1241ac1ba41f3552ce5203411cbfec01	97fd09e16dc758a871708ae2d1f2b728a5ebc60d
73dffbdd39d2e0c0a4045e5249dd30c617f4e28c	4ceeaaef3f141bcfefa082550388ccfb31cbd540
7469788ad018961575ac13428f6485eed2125a2a	b2f54801e70ebd4e500ff4950c815f844369645d
74b5513ad0aa1a22d317b37a57256135872c0e79	e579f742d63ad2135e60161ec2d3ef87065944dc
74de84e18fdd573a3f16ef2c1b12b212c6c583fa	b76d6082710b851a3637e39fbc31682b84d0d891
7529ff3684372e3d296cd16ff70eb0ebbb3ce924	f0f2cdfe71a44e344f56f802ba1383f1d4e75684
7595516ef601357b4715e50a66896a06b6bccfb0	78c79d84b647dc6ad900df9c62245b7405bd454f
759ce7eae386a51eb6c829190d396d5d0d193a16	105de1c145abb3d19c2af49242aa9c8d7738d61a
75a98d81a8911efa31c76a5c6e6439930edb4167	4d30c2700779f0a5baab5fd3f98b9b480c4597f7
75ba8f87c6147916977a51364cc756a633620aaa	1a0a792ba1a0f45c9a6481c1e378ca07d4e32873
75e65bdada6b876968ae589c2c4c48f7be4085cf	c1818bfa6a5d3dc1067538f60fdff63390af60a2
75ee2cfc4ce91cd3aa679f366e3003ee156ccd21	415426130450e1ecdf9d04087be4b0805cb260d6
75ff2055598f86621f694f4da5a736509825b286	ec7c1bea1178bd9269bab83e2e543b33e0a1efd0
7620edefdf8134376e7acb41d11594ab9f21b36b	ca41881103f66c63eb1d7795e75879bc6ef07219
765e10303fd3cb7ccae4bdc071d848f7d023f52d	1061df45a70074fb4b3b4b74a261a416f62b8175
768605fda3b4fac9dbbbfbc56509637ed6213562	457c9c3d2434b60396aa8463577fc3362ceafa08
76dfc023f5ddb1498d9050f16fbf5c7ac5e3a6c3	8eeb2babe2bb332e23d305fe98ae6ecba74b9428
76e1ec66b51a90ca8626a3a2d311af3b5b596d2a	5dc95fc8347140f0605c05fd3783c27e9074a86c
774d6c687b8f98a684542ad14e2402940148b54a	ae7a032456a97b84eb0bff1b48e207a8c21ae2b4
7763fdb9679a28e31c8ab3f7f8569e2bc464dfeb	3b741b787d1a5ad0ecaeec13f78b71a76926c9e9
7792727ff83636912dd5fb19aee4e3ba708ee624	e0175ee3c02d0ffc260332dcc957ae39142da334
77f597e4de43e27ed29b862e11dc11a9d5cc4170	6444c4ff33a252327c6445cb1fa8f0abd5e0caf9
7835af3cd6c5f17f798f44197b338de10168901f	96f837c1cace4a8f1ce5d347c04bd3c678a24d0f
787e37d45eacd0c789785626264c37c3554099a8	24be1ba21b2b5a76f5189ce627e9c7411a6885cd
7886926a632cc4905ebfbfc688cf8d871d62d79a	7a1f040d4c07529512b3c1c95601ed04f6c110ab
78fb2c43a9a067afb63dec0f834b4f6d3224885b	aa5ee27f1c5b951a59eb07564a6aa264867d7293
79b637611eb114a15337c2b464d524b0a96c527b	049eb9410653fda6fd06158309f47ffe29cd3510
7a604f800bd8bf4dc6fb3d976c767b89525c3197	8d6ff3e04ba072f44548148457b401d2cdc63226
7ab4d188a4baa156484af8d97623a9b1097d4601	b1f98c5cae5258016d2dfe3ff6c4ead51cc00a42
7adf9243a8f095468c69d4bcca9e4e41842bf814	117e320c7d8d09090328fb0a97d19a3a8b740ae8
7bd307a40957ba65bee0a63f5388f75511a3b5fe	38dd0ea5a2454987f7ee729889163ec14b97a688
7be850140a69d0e1837e2c9db3628bef6d3f1d9a	a6a0667478cf9ea8f1e7969eaeb9b17939e80995
7bfdfeca4a40ad29bd521f9cc18acabcbd67a280	7ab4075fe8c9a20ae3828f97f7c625a0f55db16a
7c1ce44dd28e0a19c2a5bdc655afeeea39017bec	8f0340589124f198143251d0a1a3af40e06c6d80
7cd7237a8be5c7be8920748048f3f62769469c3f	6ab36aed8b547f88f5a4528a32a991c5a17955a1
7d346ab868d7c69579477a505530410f4a6f2848	ffc97d4e44e6118c4e5935b336b4033e379a9704
7d40f8bd142c85f6746af24acca031cc466279c1	34cc5a083d3816a4ed7a456225a19dae53d83bf5
7dbb687dcea387c5adfb33c6622e36231296beef	922871a1c41afeba7fd3c2e91ec3ddc05399fb76
7df79729126b49dafd0f0df862be48467ba4e17b	f26831f77555f7b9523e855f64d25e50fdc29dce
7e20c49646a226d1262a8d4e36099169a2b2a94d	c358c46e886fba83f23cbb7ba9c7e516626cfa14
7e2fa8f05e7154f0e108f034df7954ca8e420d59	93faf95526ed9e0758b66d68d0812763d7f4916d
7e90451876f8a2430be5355d051b58d9d05ca044	0b7fd3bbdc94dc8ffcbc023fae02387f0a8f42ef
7f127ce317609378d9e762a3a2452db0049190ce	bf4715c9fc1278dba6dc32ce6a71738018a788f8
7f75633684d154616aa20adf56efc8b3ba1b0112	12ba47f4ebc18fd2a152fb39d3bd461c3c774a0f
7fbae7fe88ce6e27bc54769b6b0439a30471e93e	107f937984083f8d9550f6fea7c6241a295f6ca3
7ff4496de50757acf586ef8d0ea94ff0c7c11652	18b2b87a09ea7e9ce4cb5f6b352ae37398507dd0
7fffb9c04a19ebbfc67883fcfb6ecf903561a9e7	39a85906cc1a2f0f1f14b61cf8cc91f4aed758de
8011ddf051d6629f7bf4620538277874cbe471df	47f1e3c2b1e4a4d8cd12a4907fb7fbb3480168bf
80dfec6c9b9258bff120120bffa040a9bffa0fe5	41fd7d79415958c2f808b24312626944612a8183
8194663df0823d41a4f891ead4330d0a1f897cda	9c6cc28e1cab49917de5a5eefe1a6e2bd05ccbec
81e747b7c2e68ad56621ee52397dc761b058d489	aad729e9bdc577ba24f25d5c54f08fa83fcb022b
831c7073f89d6f0ea3b5945981bcba3986e55d40	f33fed73540f66f9c42b2a8f6fe785cd3dfc75b7
83514d732438f6ec242e357bb2f2991524bf5d9f	e44c643d07f7abc127f254987123eb38d26ae9af
842b25689b5a764f0a3103d897258d2aed99c8ad	1e7dcf6c45c5bd229354a27a111167793d39b75f
849e0a3a0a7f2f1cfa2bbd1380c2e21666a982b8	06fe96076df479e0d06783abd0deaa25516119ea
85efac8ed87965e52fd5824389986fc2c1929e12	3d6fb6853f57e0f814748bb57acb43be4e7907dc
865d0d81024c22c5bc18397ef299b799c286b4c2	9a7dc63f6589edb85b8198e4ab58377e51e98d86
880110d88e1b9403f892041386bc4458d52c8a15	5b417234c68c3774672872a9bc392f5306a59e43
8813fc0c0a6b5677abafbc4792e3be160141d358	6bb18976f685adf206a537b566ff298695b25fe9
8869c3521dc3e41da3a6518b8a7a08652ef95b8c	7eb024e8a855624c26e2449c6f61f73fb1ef7a49
89091ab53cf43c312c951bdf97d6c8779149cbbb	b5dade8ea3530ac0481e2d84ccc244de475aeddb
8951296b857daf65f02c46a207e323e297b850b6	13dd4e9208adbc19b7b9ae924b90f999e13bb028
89be5023dbc54b2753a0c37f5cf154126175d804	80ca3ab53e8ad1c6e9d45e838cac444b454a63ed
8a10defbdd7730a77120663a86956e3c06160b4a	b0140d95bf136584867eeac9ab461c6c81134192
8a1d660452e621b94775abefdeb6092f09befffb	f1e85484162ac0ff17ae8d834f5909905a4c0ae5
8aae3430a5f2cfd0fcd048e41a58a7ec4286117d	3a621322a56d2bde7b2223d62051502e0b570878
8bb65e655ceb571f694a9a51687b72b34d226c37	ece02a750603ec44d34f533af8bac44bbc72c971
8cd67c061da787c8f74c6e0f841c17b2a53176e4	911e340add263aa3c03c14298f13fb3df2f63c2e
8d0390d25a0a43da20399734e9e4e50e5cb80117	92950a802cb55a10580c800fb95f142fb4b96989
8d4a9d230c10cd5de598bc37264f7eaedcf246c9	32f503950da76dd5420bf7929186ff2338148345
8d72c94e14174725f1b0c91b2f0bfe70f91bc077	128baa969ac6e881b48f30a1961366875b225815
8e7b5486a9bad2c20757f940264326fe3f0bebb7	05bb0d18749de0249277993d3975ac85292e75ac
8e9eb850cf050f335e1b5b939a4c4932b207b425	2dce00c0850d23f357aa243990b1c536ef9f6a9c
8eb31eebd85c7112e8f58e1f4dacf810c1edadf9	454059981190a02fbc958e929e5f22cc1a65441e
8f45591b4d195b769b47afbad165f735536d1aed	4a958ed61c334501b2acd8e5e9d085bf34b3381c
8f8c9bd5f08e94e1ff5cf64d1f3c6828384787ca	0947145a39d96a67f97d620662643f12b0e5f1a5
8ff6f78945a682b09b94afc2aa10799b370cb7a7	adbd73b094bb2efd925401448964dc7c81e34358
9004b3c2a613b502480b92f09aa621327d32a855	f338188141bb15aa3da65efe2f31750866fd2e82
902be6d8b3eb7e1196f1b22474e7cafe51317865	94406fdc5f82aab59d7553526553af5e541883f3
903d0e856c4b61533f12db8d68132d1266f44b29	f25b70f26e1f7bc3ecafc436b9ffe00f6bbd2944
9096b3264cde812ee5ff360525887ad1e3427699	2f3d6ca24f277467ebdca4ad6f54b7df956d409e
90e54eaf06efd45c36ca94a2117c241a9583d105	86e763d7ebf6082f2b39b816f17e7da1d2b190e0
911f0c195eb85942c0893529d8fb411a18e7cda7	ef78c619c5364e1f861860b60818c2cefffc0bb9
9176c01dd5a3d27794720eb82eed6a024bdd389a	800e09b1c458b31a005651c46a4e1fdc816f636c
920b0c9ae90d9aa7dd6e44dc1a78cf975c62aab2	1f211b40883e3a68c9cfc0ae38c15bcad09c2d9f
926e3781a33936fa548003caf5117a121199a505	f376fcf6314c2a0d65bf68658aca23cccf917754
9322d8387b2c668114cc2a40d7cefb1e4b69907d	5042928adff292d38f21e044220cb6173e856af1
9328047dddd253bc4e44fa917200027abf237dc1	4eb68072d8b7c386c6de7921d8d04bfdc5700e0c
933dad4026330daaa93f15ab9d738cbcb450700f	527c59707c7432c5016d0418f9623ec45f6c1a07
93646561814a01385a756f6fd58a318f2dc80fdc	fceb5b3206e1fb44d19387f15ef1aa9fc9dda4bb
9368a0bdaabcfefe3e9ed84ebe44c556b3ac55ef	f367aef1ef352292ffe080e8572c456d7f2980f1
937b9d267a86c241b80dbfbc20a059bd7744e20d	5f3cc9670d42edc4e97181b9908e52ec11edf522
93a8558e92833a19a13f7cfd4491575fbd48f76f	fac26c74c2c3b8b1974c6a97d3a63a848b2035e9
93b93b8efaa5ca628d0c2f5b8e842151ab72d122	530eb88f2ea0ccdb00e7bc26f819bcb5ab1f5ac4
93b980ddb30bcf56a22e2430f777d2b44bd8e6a5	27cf352d115a0fa2ffd7f8c338bb3face2209e53
93d7f79a97d46f70e9e8f0bde29b8448947d762a	80fbfecc8d5f0a832c0b1f5e4a8e753526dd8140
94a43b0976ee78cbb8a2a75e509a4f2928748e5d	804919c304f2195db7ccd991a3564f18d020b11d
95345d35c2fb0652203de589b9066b513f3d38b7	9a81169be86eb5d94fe96742290edc26df52d0f9
95538fb2d492583ce615558c477e30669520bef0	7b6b35e21d4551f25cfe2a74f29015c534e2438c
955b8f06eff4f28e89ccea4b9df326f78be07388	93b8026a0ffce26e0be247d06979bcbd85720f70
95e593ab046cd4ec461e82ca8ae32ef7a816746d	bdcfe13ccc40bf13e35f7e32dc6f82dfe6e70293
95fdb593d58ff2f07f7010f65c70341db0756fc4	d828b6e8af0a082a6c737d74878beaac84df1e0e
96cbf2b0a43ad148070a78cf6b0addbe74552ab4	06481e4edf0e3c665cc52fc7159f307ac2a75986
9738a2652179d112c2f2f02d2e0a23e271eafacb	6d91a29fadf00881734610f51a3f073a60212d05
977d123073562f98660787726959a3ce1cb0bbac	2c1ea5a75a3a5e9c0ad09e52f6a8e3520f98ef7e
97dd9cd6f7a8cc2024576c733da569adb92d870d	d00205de61eb2543e2a7841669371da990803389
980af43bab14694298c399411ae66d1f221d1901	f319ace4321e8f2d6420d9a37ea3438538bef828
9834785965b6c3591c9f49216e338db2ab630893	c2e151e10644ddf495fe5e73d0251b2ebf060b3b
9850d0f77a3e70a62abecf7c500e5db6d7a22a14	f4f38ada10237d8f82e84ea9c4afc2f50ceb45bc
98b1de83520265605965bb7f99a0f7426fc8618f	3efb7615be41239c20f0ed82800c2d2c324f31cd
98e730ebc3e67f8adb7123f1f166cb1f5b7b7972	dbe39359233bce2e50cdca92d0936912bec30623
9a4203a6b958abed8f847327b00686d52318d653	3601af4b40d6855153d83150b8140a14f98f069c
9a8cfc61acd2207e8f9ec5413b691a11c962e33a	dcbff99532819b21e2b87d0d38db269a3567fd3e
9ad625b36483ebb581854cd360f22a3b0a6bf51e	14e61b328b374e91387bf1561b9acda19219039f
9b1e119906cac27f696aa920906bfdd0a7747f29	4eaf1a7e7943c2ee0d5fb584c0d5577a68b2c675
9b3f7b5c430dcb62939f41ba5189c50fa0e19e3a	90dde2699f5768872890aea03b9c874e60334c36
9b565699cf54387c7841d7a916a1ad8b4728196b	ce55c8966bc19571aa9192d6b5271333e9d32f70
9b57cc4fd2f140c421d08561683453ceb0765c41	3c2d76a9a0f8d9e68a116bb275f168bf3f9dad9e
9ba90999e7648daad5642921b238a45e47b28565	034b1fb84d4d1ca55dc42f6666977d97c8689da8
9c4709f98c89ba42c3da43140fc808fac251239d	33f0fcd73185356528736b89f0fe75caf5eb21b5
9c87caf5d9696cb8d695af90be1083fa801703ca	232c46c662857547117a14ac42d3c5755db7c8ca
9cc92cee85e783b6d8e3e02c5bef1492c22fe7f7	b630726152ab68b472acd18502e15e8c79eb206c
9d2305d9d0e4fd28786246669bc50cbbdb5ab5fe	e9c46459442293e8d8db26d05bcc181e2d1942a5
9d5011f662f321957be4ad51bbafeb68a04fa073	b43bc5ef6f9313684aac7dfd0fc0b890ee08633d
9d51c1ddf50f8280ca24174731c464e3ff5797bf	48d68757ea6e56b822852a7ad36865c96d6f0085
9d8783f492a7dd57f6a7d7c6944609337fb3e638	f442c2e96d35eae5b2bb90bf3a631ec846ebebb8
9ddb5a45f77034bb75cc7f80f26ee42c0f4f1ca7	59a2fe81a6e8aae27a9795ff4b3db3670e6fbbff
9e2313ce3a5056d2f6d0d4cb15abfdcd41a7d95b	b56fffe97b0a9faac34ec965a37d6bce4c578e98
9ec2df52e7da6187c46adb7a5ddaec74540ba60f	1c027ae9d9ae1df5192b56d6b30a4a5cedab3a0c
a03e992e1269f344e2f02af077012b071ccda026	d82e565139a4e56716fbd9e9d8780149948f475e
a0ec11884564d72fd2f9ae210b9d9ab75633aa44	2317fe6319721da35551efa8be75bc9a63dc53ce
a20671d5a07eef52c9b538a27232e4ca8d43c4de	c8561292dc3d8bb054726a13e3442267647fd49e
a25dafe6c8d62bb0db6ef5b717f2f7fdd4aaffe3	0b3ff5419d2d697f69c8489628260660c9edbc56
a3d304acccb1d3ccf975c5d203ec2958e8c055c4	5a3df2351dc8a674004208f5f330f4ebed997e6e
a442520b5b09e87a7c4e71496478cd140701c517	618c37c75a17d0b1de357f3bf95121e1cf6c644f
a4a4ba8acfb4de947b2ffc28aa740e3e4ba30dca	9460a2598921c07e6c0ebc78292990eca8977865
a4bb4f93f4258bf0ec8c07f8bab6b4c812b1c69b	c5929b932d0108f3d65cab883e12436acdd8072c
a4e468694c720b9a7afdf3fb94be04fef4239cd4	7ba06e1196a624bb98ff11b7ee8954c9e9f3b9c7
a504baedb721b13b89587eb0fc13d9f5578d74b4	c930997da0e8b019cb1b678c4fa1d77746a91ebd
a51444a3b94c27ac027bd8f7af748cce1c25ccfc	88ca3c60191395903995421fa9804c578250726b
a5953916250f628b81cdf61742615094d9c4f9d5	31e014d1cb8d77339a9141da2238561aeec61cf1
a5be50acf437a10d5a796019e0f1ddcb1c357285	dc717fcb1722cf259e818fb7b9c15239fa1f914c
a612259c0f7cfa53353a54eb869277b7ca7e6c51	76c00aa55fe1cdc8c60908715b65628e59771d28
a63c79c954bfee206c46bf823345a17401a264c6	1e53137166438ae6e41de85c6883222e66322fe2
a684319ead6c0bb308cc1f448c8a8340db77cf8f	b8d143740fda2064f6c921b2db21d5739a8885f3
a711df7cec33a8b03429c59147fbda85eb8d749a	39744608519b9ae031bf5cde711905ca7c42484a
a7a14af48ce5bc5a17ab84e2193dc4415d560138	c46b10c14276442c9aaba9a049c4b827180bf09e
a7cfe54dbdf90851ae26127a7d9797949c5c598e	92001dd03040f434b080c0e9ed503d9246a59c0a
a8137eccff2a6ed101cfa46042dd17feda309200	2a97a06bfc44f7eb1484a91ed6e01bcea905c5f5
a81a686449943f0580aca15b50e8047a5decc71c	387841b7d32c6df3c45f95e25925e6f8df99c11a
a87ff1cc54adafc2dc70eff166e2d4c46665371d	2347780cad66f821e124e7e3221c7da2ce77593a
a8c61ed9fbda469dc989c817ee5d4eb28eea8afe	231a8e96d33c97b812201bec6d39bfa46421bd7f
a92f76f51d6f61821250f60c30891a3c3097e63a	cfecca68a8b20821430cae5a89c0c7b3c43cccf4
a9bc4ca64123dafc463d1d0535c1fdc788b7a520	7ea15f42cb3746ad6adcf0ac04e8a6e06f1a5a99
a9c463cb13be3706069bf0d95155bc90194c15bc	4937378cede586cba29e783b691c7bfa5498dcc4
aa6626ef93d9feff01e7770c7c1f9da7dfb23434	cc00d040b4eb9f992af5279c595479d9dcf5cd31
aaa39d7a1eaf31f3672b378d87fcd2fbf7fc0f55	834303f56ae7ae226a7f320547c48e93218c9e60
ab19f2f1473827ec95af8e1ed341a2f80deb7595	82e07bcb912c7b0e573467377feefd90d520e87a
ab86c997aee556c784d586a0ba3152cf63bba074	5abc4fbcba05eb4659a8521cdcc9cfe28b0b6252
ac4c2befd7f83af99dac448005d23fc8b3f51c43	c4db580219e2c6da2c5f11183b0ebf6f216d654d
ad0edf892e4db610113d46d9f7161a836b7cf52a	9b27df1944aa12d805ba548eb82640f8a4cfa28e
ad40b11cd0bbdab013aa5ff2e259992f2a6b19de	3faea07c344976a2bf8bc2ef09573460f649072a
ad51bb236e98ca95910343beb7ad9f5d2950fda6	165e627ce5e3ce23e20d071389a867132dbb186d
ad6b6186a33c68f5deaaa57a555e25f2b42e1bff	c09420e50f1979665b4c8a394a5c45cafe0583b4
ad6f036c9642c1c2ebfad142953b604be92eba74	8dd71b18f6970ae8468ee619dd28396e40cbff34
ae3cba55ea58d1e9f714c412bc40cf25561238ad	70fdd77c5f68f6a7b16baadbc0c742fe4e6489a0
af4fe65f4c532ec3e019b5fb9fa0c0b069cebd4b	280178439f21b865e3f161cfdf57a911933e9340
afd800fa45e11fd5b7f9ff438801cba18f0897eb	3a06dbbb7c0b624399b1339911a311498b52044e
afe485adc5cc958af191bd40dfa2607b8e831613	4a5a9fa06955e96a29262552f7cf3366ce091e1c
b0e09d99daa6cc3702cf885a5443eddaffdb2c7a	0b42d032c575a7e7a3f7afd6dcf283258893fa1e
b158a5e8e5e1ebcae81878082c8da979f69af7de	00144872d11d308db2a88b8bb05ed3b92660cc1c
b1625aa03fc4e67ee7047860964edd770043c79c	db34aa681ad5df58f5baee8546f7d0d757b79e7f
b162af5421f95d33b6de21eedc3077fa845d6917	37ab8dd2b805e02ca583f03bfc8586721da88888
b16314d8ddc787385efc54ef66e0403712ddeaae	9439e06848bcda91995ab79ee012fd2b44b3270c
b1a3e31acc6f49dd60ab8b6b8474511d77497bc4	32d1a3445f9cc35cf4872e4175680518cab19490
b2a97fa005d7250d117070c03e39e392e6ce0695	6a7e7ef3ce4671271f2fffa45621330101e13e23
b2aaeba3a9f49748e8f8ab2ab957b1467ffff378	121a8d8e5fe36fa6711177c62e9aca560c1fb09f
b2c28f516b11d21873967cd2edd15ba51af8f116	ba0205b22c80ea3a259d8c1b26d54d0448778ac2
b2c44f68576881995b23d478e87c03f825eb9c81	266edea24a308e6d264a45a7b15a1963ba6d8dab
b3523e16c1b285fe9a4aba113b91fd726cf49855	98ce599bfa40df6d520c23f785f2bdf2309742c9
b382c6ce7881f5a8270ebd2bf1b6ffd0940d1f24	967ed91a254e0886ff5f6862c3dfd6b99d158aee
b40bc65d72a51953b121d46a31f04f26839087eb	81f4d21b5b348678df62323df4776728d78e8c49
b4b328f43da379ff3248bda2db45bf0440362dca	b437bb0f87033dfa1acfc5840e83682c5d02d5a2
b677cc351f800f690eb406c3ebadbcedbf23483e	64c6b52c4b43dfc0b162751d95616f331c0e53cf
b6aaa1af4d5ef92c552ef54e72ff00c5cd153316	4ff2989b2034dff98d45f70f7d2ce13fbd4131d1
b6b81eabd1d7a920c3c1b590da84ea12b8463d5f	5dbacfbbd24c5404d32205861c1eabfc5694ebf3
b71ed65ef3df233d1860be08bcdb5a1bf97c6cf6	ef813f28c4c2e738d26c79e8d4685508ddb48a65
b75980ea16b55d1f74344aa46bb6c0cd00d07753	eb33dfa85d8a29166c2f51be9136f3d704a59c49
b7710e2666db09262d847bdc951b8f4e7208305b	79c0d629216b72b45383b4bbc1e638eadcda4bba
b7b0452245e5561f6fb1d48e50d0db631243ab44	196e2c87c31fc86ab5b1a0b86cc545cc0f8899e6
b8cfb6359d996d8363fc5fe07f4578a735f6ab4e	e6a9e11f3599b5186292520d58c65e1f458f205e
b8e37c233df7476a4bbb7b5d0c2da84a17acdf05	c2ab75e2b9699103b0f1b233b88024a6f2db24aa
b92222cdb69698b531608646cdefc2d6d9d563f7	ac452fab907db31bae34e515b66023f0545e02ce
b982671ae481ec4398ba772f8146bb98af81da3f	ea29c09765f574bd2f99a8a7df5c52dec4d08094
b9c34c6e0fe6759abba74e90efce81d34c00640f	1c94517b5a356db325695b8bf8dc9c4086690771
ba774dd73ab01b336cdade105a0938244c984bf0	33bd595b0b05ba13610e8ebe9cace411596a589f
bcac59b14366463b0119a206883f7a84bd429c89	96f4a302584eba3313bc6cec3cda24240eb360b4
bcb4b38f293dd784f630a4bda1777330e8f7fcde	0e221cd4f73e4e41d4d042429361b0adc0ed25d8
bd2e948f2838bf542873d885addc090dcea0e043	18ffd5acfb3974c651bde55a7feb5f2633dda44f
becbd767403203164f0962e10643b9b146af9f6a	ff8b6998c96c91d6e2b54b4abdc00fca6ea2d9ab
c060beeaf5b064d971f7d96a0d236685a3dcf096	1f9fcdb7cc47275adc4ae73893cfc3673d57bf78
c0aab45c0b292c4266d15f6769b5cd1f937fc7d8	464111631526ee8e1bafdfa6741eabf01ee0279b
c143e7a79233d65ef0d192ef980fc1acfa5fdc55	e3736dd262bde5b3dcd480b4c1c6aaf35a7f27ca
c1976853e3b0856e4921943dcede24d80b583945	997e236a66dd694fe9e5c6d8c96e92cb16ff33d2
c25c363bac25123af8f4dd76d663e2dce3b101ab	9958c2d7ab5dee0c19449d3497016cc6b2dc2288
c27f36c527bb35c79ccd8081be049db97a4db018	a38e18c3bac02ad34b9a5bee2e39f7e2c3e3dd4d
c296cbffcab89ebda8e68d331e8463132bcaa503	721a0564241c2c3f6fbe2c7bf60ecc02dfc46603
c3a9f6a1e5790781be2a191c74c61f5eafcebe37	d146ee70a1a4a243f2efbd00f3e92d9e9ffbefb2
c40ee722612538477475d73ac30dc3ed1e65bd31	0c606ce6e6e8592d1462956dffbe900b854f9922
c4207334149d1c40f3c8fe3534d3fc692a06222c	d527d042b379ef46f98f19f683b50033ba6f7c39
c477775134ca3d2c35b13df169e42fac3e1612fc	71f3622bdcc0820987548a192b8faf19b7d32286
c4974e24b4bdc2c84902c4c6054e20dbf26e75a9	b523c215c1ea18d5c93b3d6e928eac33e060ca1c
c4cb08e7ad30c86ee1b6efbde195581ec488c449	66659ed7112124f8dc729ea72786559f04cb31ef
c4f007136e4588daafd3457eb2a6973d1c2b569f	0a322af4ca32265a4bf9f0208ee055e3926bf431
c542b2261424e7d268a96d4e5d11c1503a0a8cc3	65678e9b5d86b90ec43d0810ee2cc03eb38ba17c
c58a6f89631a6c97360af8e35d9df7cb7bc012f2	8bdd31c99fec4bb55aeabad875f0537b471eda88
c640ddd989524dd865db8f7ae705bb1b3d6a1f54	e5c45791d06eeda18be974fab470e0fbdcdb298f
c6bd687db43f46732f2e4f2d8af317136e1b5058	a99c43f9b22b2f6fd90b14f6eb007833e18bfd9b
c6c23c8aabffb9918fb6255eb598badfa4364f5a	c08ba0ed8ea004cbc95a8ff7c755fed95eeedd2f
c6d7c727f1077959ff03336e8ea2f58f3f1090ee	448d5b70d63e46f309de41ecdfd4365e61a5320b
c70d49620f6ed761ca937db5403426d8c76d4a88	808b8676a1436c8f1e16e283bcd7242ee23cc436
c76cf75e88861ad38c9a802efa2fe9db1ea3d17a	b91687421a2d54dcda62eec51c60cf549cc7622b
c8be0ca319ce821fe565206190c0411e78d21cb4	8a6074eb5b3334c2fe12ad22452818788314336a
c8d5aa22fa3c5ca7dc58d72404b8c7b28a65436b	648815ec7a15e6ed6fcf7c88e177de0e8478f98a
c9a70ff0b10e8eeed9c25ed31960f691ab7de742	005c1e7b67f7f330bf3380dba0a58ae1213d7963
ca3045537e032c9c0d37ee85c38e4423d6ccfa06	eb3913dd39d22b8940184921026f78cd413dbe20
cb31b2c56386dff0e3db304aabd499f19e8f8d44	4744dce1290b0b9171fd0a2869b30bb2e54943da
cbab30e9b04146d660ab4f82920faeb41ef2b5b0	c86f4be8df7ec26217d6fe6221915309a8cda98b
cbd3c78fc8a82f1ee6eb842112fbb02a249260d0	581b9bc92589cd622f4446263418d6a574499b8b
cc9d756e67a4c38cdadaffa9d1b85a444c493492	9f33cc4fa26f2ed47f6a3d723dccda13248eaac5
ccbe262e13d60b9932fb7a3eb65e0d1b76ac7319	358536f75cbb4391e6011e66c8838dc7114b9c0c
cd5e2c355da651b6251fa47601722ce64dc8ae12	d0cc2f45a5701e9107f8919bee6e8c7e6b394194
ce7b180165346bdcaa17c3eaf08ff17ebfe8aa5b	c017717566782aaa7fba9f8db48b17717822d6e8
ceb8b4deb69f9d8a59cda4b4e1e03638f536f338	b695559eb6fcb946b057088bb9658b5afc92f1e9
ceba7e2f6315f305b042259aa2a22652d2158877	99200cdd21f106fafe41d5ba6cbe4cb47b83045a
cf542a0467521bd385d80c941ddfcb387736cdb7	06e8c77c1f88e514339d5513d16992ab71fb035e
cfbb73a538b311ea001910f7735f4a90457e6153	79abc2d4515937d3c644e7bb20a8140582d89c2e
cff2211c2bf89eb5eedf40718bf0592e248450ed	38742984a5756edb298b41b219eb85ee5c9637ce
d155e2151b512623f82a18f13134c088d38881f0	36c904dceae130b7f454e146424f394d5ab1fee2
d1de66a5d28439304299296ffc611382bcf4ccde	495af197f6fb9dde46ec5103104bfd7cc86a33cf
d27ff9b222681d05b59be51a382d3bcfe455eb6f	e9514401ab0e8c761bc5f6d609d80d7a37a9c40b
d2c5001d850fa581a2c830b6221a0edc257d3e40	db296af82a05b53544d015dfd4b232f6bb249d96
d2c5bf51d2a0bdd94d12c63ca9dd988504236b22	6a980d3276d39c91c0608e02dde0eda1745d5717
d36b7bf52cc24844f791890fe3e116b8fe825ab9	a3fc21f44ca5e065b29b0db96997b8296a7557f9
d39d54c73dabd52c5e9f2a57652402e90e9cb709	b828f46891828a15652fab5c49359e9a6c644505
d3a49f04a6dbe8ef90598730a34a412789c6aef8	a7bcd914d8b7dd34bbafc4eade13f2291dfb5518
d4a91c0727d3cbc9ccb6bb9eade4df53246ee50c	8debc15d9cf585008bed5e3b177bffe913a60620
d4c912b80f6516b936c32fc0cb4ad6924bd4c02f	96f538fba5ec1f4278e8428c3960be1392e5d54b
d59d203772e365dc46aedd25c09388b637672cde	8e80d74c82924d042446656b446b5f231e2eadaf
d5bd3c6e6fce0af4b64b681f000651c73db5a144	0028472f4fdd35dca2f6f91e7ac2ad7dac44ccae
d5d373805fad557f35607b3b036eae7f2b371c03	060b8043e590a9c23b93c24e436d2712373b0569
d6ab0e4308d883440bab134b923854ebbe61dd5a	14ccc4e29f7b909afcbb3073cd12f96e86b9acf7
d6e3de9dc6af5fbaf479485998ff1a041db83bc8	9dc9060d0e1198f438da3d3f6dfb41b8bb8f5f1e
d717beb1c155d2d12ef6546eb723e245420ede1e	0e1f6ee1230643c530f28013046d991b33ae3ff1
d735433ebfc3383254698b9128b630520ac4fe57	4723547eeaa487c6f4e46c66688d8539e28d681e
d7e77447c3c32e85fd7ee44c0191cc0d941035df	2f6eb54ca396295219eda980f3d9545eca340b79
d818d99a4f816cd7fa1e758a118da365478893e1	f49d5fd824d6ccca7f38c8c13f5a1e948f3a7747
d81a29f104f3d7d0b7bf3c42cb209566c6d16516	756de2bc1b9ba472278dbd563e4ee56a9273d63e
d83cea01d57b218498cada24ee15051831555701	7df8cd1982115d480d1ba3bfce462ae759941674
d893f865081dffa030d33260f7e683fed36211ca	4b7386d9b92a5ad570ec1bf47a2f3314eba3e33c
d89d93d53e8b557bca3dd1631ebf71fa5c845df6	1d9adac1a642268060ad67de62a9ae80a870809c
d93c01aff37ef4a61def3b80f1c746a8a9b06f0f	aad9c569f1d781ff7d7029869c34936cd39c2179
d98daac0053b6f41afe46a630c308c6873855672	0fb789f3c51b5cad451773adf24e0d906a661ee6
d9b19e6c34a9265ddc7ca18945f90b75b60ead69	6bb730d4193b2aa59eb51449a1e90899f4a5c164
d9e1de0942fb1e3e424649de129f7e8cd170a705	93484d62f00815187a2591b7fdc0af3864dc2716
da2b2e023f95525c1c1df79cb7f8a03e5f276aa6	27d90ff516c724d11c9abe078ec1fc0b577b29f7
da772aab698da25740d01ec620d0164028d9f53e	43441c01a9c7b08fa589395c14c583796e1c3c75
daf3ef0901a4ec5ad45ae60e67fc71a040a7c36b	b80afed2df74182f0d221fdc8d7d5c9a91271ab6
daff1527e7b53b199064f962f677f0ebfb8fdd24	566c313f84c8f776cad36e43953bcbe978b0c360
dc19595eaf5e27403559978fcf5c2d80d9465299	792a6c871da902d46695d8111fa96b63a3693e49
dc7644314e8a443b4179791e3f1c20786550f7a9	2b8cf897450014a4a108b06486f3301c162efa4e
dd2d294acebb9404b6bd9e0a5dc795f5d8427314	ce2a373d5c3b90d59cf931f36b32d5d7b9c58f23
dd6500ba01a88a5be9fb0574198434905f1cf820	b51ba2501ed5730e6f8aed1a4fc394fab21d943b
dd9a2bf389fda0c6c1b2c4e8524af747d3b1ae65	9c4751015f3e73a0883c4f3a7e1c8a1bbc29b59f
dde8b35ca97c6c33309074e2aaca06332678605f	b5f2003703406e0cd7aa16492e928dab3f43213e
deff02506b8cac3010d286a27720bf424480f90a	64825b127547c34934d062abfbe2d086492a420e
df3408766732c0db17fcbc1bf1dac9141ca55680	d1b942ef3a2221a8097ebad0600cb0fb81bc4499
e000cfb44f1e05dd30386dd01b6b44b8c029838e	4a39b1dbd692f8511f2181294f514f44c883c0ae
e0044ab706c9cb4d216adc13a62513167971483c	8ee755ceae08ccc44ff9dd34ca1e3ffdf3b54590
e08f257786457480ad7e03d2d9cb73dc370e54c5	d7529e07ab8e1d0395f97872e3d3400cb816925c
e094494bb84f01cf19c3c97ae816b2e2df305eda	e3bccb0ae423e23db0ad1f5908c4021cc0a8e63b
e105c393d850c7934efd184faf70665363b43ef8	cdc7079c91d6948d1221178e05a76c6d991043eb
e1c4c7be8dcc6a0e0b1ce548b4c8e44715a39513	4984e6344f71726aba3785a70e423d29c2d51650
e1e7dfaca71adb3daffd972eee357835bd0dbba8	4562c8d8d4b66afcfc050225fd1418126b4bd9b7
e20877108f2a4636c00a195a10663176995db683	051d7c12d0d8d086dfe7db6079444c3a0fbbdc2e
e33b4c34edc59d95d38e060f08e105e886af9978	4bba0fb448644d57961badd65094ce01e5dc6d4b
e34d57044685a50d1e82c207b76917161386480a	f2b9d2ad4008c6650472c653afc5dc204586925c
e395deac69c79fc58d5478e32f12839997cb35a2	c84f948840398bd0e20a4af4cd58d80e58b91b54
e3a09b6ccb432e05d6e8d27f7996997e38cacd4a	0805ad726cb3496cdeb6d514aa5b4e57cec8f091
e3cb6f3e51c2ef6bf5840e07a600e561055244e5	0d5f3e0fa7c32cdb5a54f88a81416493fb9b0df0
e3eb1054730e601b65ea06bfe389332789367837	91bf6db1f305f7b0c9ac50fafb9dabe2727e002d
e40445225554161deef19357751b96240ff156f4	dbe274d0d3a06074dc78168b0597916f8113f931
e411557907dd0389207558d128fc1b26866a23f7	ccae8bf0c610c741f951657f075e9ae2e514e098
e4bec8aff626c77ed059da8c02e8926b7d19d519	7469ec22e241094a7b7896b8231ca1469c6eda98
e4c89958bc012df2ed7595de5b61ff8f6658a96b	38b88b9bde758a674d61aaf4076a21cf8377cd40
e5079486da799dce8363bb27ead17517aca8f7ea	52abb37630276ac17a3403c1ffd9d1e838ebd671
e50f791864f70f4330027dd382e817b5918a7a5b	312ab82992455d642567b3c4081d942c3c8a23f3
e52cc3be32b8cd70437f63407810c1ea4639362b	e44bb1b466058a2e429f7a9f9e565b1bd45faf32
e552e96f1d167f2002b0aeb0a4dddc8709c1031a	60b5644a8268b548eabfb30b69a4f19f7d044f8a
e59c6653afe877bb58e76c214dd4d6c3bc972997	423fc22838a1dc31279ae25a169dfe99fe67e43b
e5b796ed01f05783239166b883bcd2694d836240	77d6fb9044c045697f9f6928d32b6c92c8878912
e5b7cb3f52f6deb0aeecf2769a1b25ee52ec0c2e	b24e16fbc37b3bf40e042a668f9fc08ba21607e3
e5de7917815ed80f63a7490c72adbce39c7cd531	2bfa1e222a9463a0186c16b1d0fb67e34fd6d6aa
e655938d18172649c295eae8ab2a1d5d73a2c7e0	2ae0cbd5f31fbb28f03722b9cc2472dc025da616
e733bf011e02a8b44652bc95bb29b4b0745c1ff4	fde4579dfc2af7e0a4df280096fae9a66571aa7f
e76b6bf225f02ce9321f0e97e93cfc3882bccd5a	369e747bc3e9484d72627dc58b866fdf2f45f0cd
e76effaf482186d167d128baa147764fe4161998	1ab68f9d44ea841e3cd89626768ddaf97fb899c8
e78da42b20db3e81e49b13801abb2bb69bbe6397	a131f3b34865986eddd7c90fefc22f237f6bc015
e7d5f16dbfc7b4a8acba129f848821ebaa6e74b2	416c935087e0538f8cc2d711b3f1daae31a08629
e7d888ca571b099d1e85612f6fa2bfc6296a454d	c8c74b1f4ef5b8ba57b9b5433326a202c825e990
e8f4e7a578344198bfbe040d87978b5a4e62f304	a3d81a2d94f754f1355b287f3348b6a99ef25296
e975b3025de838236f2f2cc92adc03f8d2a76ad1	bf3d670ef2dc9c3fdd7e367fd8e2f3351ce8954e
eb8264890affa8479b035386aad0b5cd57434b95	e27bc2ed204b47a3f9773e9a3f28cc6e39d5f583
ebfec1123309c41dbe1d98a20e4b81c89085f01d	77160cff8e5597882711306393f645b72e03b52b
ec6841549db8ff8f3f5c8de615eeb5f9d9d83b59	7b6c84c0f5db3fe918af80e4ae16fdc246101320
ece0f7deedb794efd53ed9e0ef8dde7037a17641	8d80247c46be58388cc655ca79d90b631bb6fbe9
ed5205f5abfcdeae20401da6e6d30cf0ed45f881	d57a85583aabe8eb4c01747dc69548735686292b
edc2380d34741f45dc4099c2dac58c39aa003acb	444c432b5b72820b052726aaefd44775d9b1dbe5
eedc89463f74e2c199fc064cca6108e091f343bf	c536e5cb8fe9c3769f426cc20430d4dd6f2876aa
ef8d7e221b772094451af124bd9ee41b4d5bcb9e	557c2ce6f99b5ffd96f62b6ee8b5f58aad33cf6a
eff41dad1b5155d5a7af4dfba001747cee137fb0	288050ccf30f287b35557e5fdc96524e53fea051
f002fb513d348891e25185afb7410b946f53a233	929811fdb05c48b35158aea116ac5fd8b735b215
f01d4ff9464f8c6f918b944448868a9d7cd8020e	d638970d1908bef6f5b9bcd06e0a71e113da3761
f0ac37974e86d8168419c1c7cfc5d01290a2f2aa	d5721bb11d0ad69d3e5a57b31e8dcd24f0dffb23
f0f3986ad63309168ecf40b7bafcd62352404de1	2489ffb1674f92445f41179443c95103415c6360
f1203c341722e9bb09cf8a6e3fd06794fce78e54	4e3221b22a2c09566544eaf6babdd2fb9bd2fed1
f12e76e6d0651f613d9d4c1c592dc50ea4c18bb3	f8329af22e701150a249bf035b9a7ab35838da8d
f1fb2def18bc0ea573da4a0871781def3c1dd90a	d94eadb3fabb973451b01efbd3c4ef2b07bf018a
f20b92a9d62da382c7adafefa3f955444786343b	b897b76069ec45a1525da57d205bbbf89c541dcc
f22bc331f57a74d990aa9633cc4a633efd0e3980	3ae714028b637ec7065e70098584fbb51cc6c2b5
f2360599c0cb5838bf668d1cc678789660232094	caecb3b082b2663f641443c2ab2a35e9c78ae88b
f25621ba49aebb1e8a4922ec6e3265d88e58f6ce	6d689c135626021c010ea3ed6db9e5db397f79e9
f26bc9c966c9377c058270a8ac467fa9f103a071	b7ea83aa52a80963df0791bc653166f078a58315
f26c707a8c630f6f3b3526763f1359facf4aa7f0	115909203099757dd7ca16637e42aad923efd5a5
f2be5e40f3448c5aec177681ca1f261e5ac6acfd	6307e493533e66a9d67bb0ab191ffc25b960d8ad
f30a934de543a4dd7ab781b048bb78d9b15b0be2	fd1ce591a76eea018a7c86f09fe136201c61db11
f32e817ead776f8e041229d313a514596fdb543a	4236a22e28f2e1cc25dafb17808b771abf8b6481
f346ede1425268b73c7c9e8db8c78a756059fd4a	498a4fc8422f0fa4bb71651c56c79e02432f5a03
f42807cc606b45c350744f9f377f9bff153dca37	70b18eff4069611b7191fb53e1f8cd7bbc6e1228
f47e167e7ad2ff06ef068a58c80c2d21cf291a8a	d0e4cd4a983cffc8cb04877c2475d6e7cd539067
f4945fcdc03a5b6e5f16258050ee788ba428958f	ad0cc754efe54cb352090a0fd0aa1fa1f7421f61
f4a7f350dac462d6621b18de11de28cb3ccc2e73	6416523eeadb3c9c5834030517f463d027434ff3
f4ce85742dda9885777bf78892324f62586f2208	bd9fcb80a17bb99b7e68e78ba9e83a9e91e06547
f4e66d87aac601be9267024eb8031dca407b4716	5d4ed368326957bf1e5941e9df798fe0d0e6bcb4
f525f3ee047018cf225c3ea8e75c2a770e7e1152	5d0e94baee8f2f6718d4c3acdfd917172bcee7f0
f55c49114e5a05cf25ef6feaff8b3ec82d24b198	7d631c54b9d23d4f3e563c72e559268657fcc14a
f56d94bd2ab33a9fc13ab74ddee01e1c8154c416	28b27f093e93e029067d5454f5a9589e6cab8829
f615b4d2d467e1b7a91ddceec9ab624a04a7a82d	6e5c33a3d0e1832a97d496d904bb85e214240030
f67d7b8910c346537c1b42f43aa647a7e1347785	dab436090992277875d3ca532021e4023a76cb38
f6af3469e358de0e1582159697e25bc6e715ab7f	686f3d378603e6a6a81fcbceb11fef54c56ba82e
f6e69dada1a068bcc78883e38caf31dbde3068f6	1dec1a0e7c86d06fc0041e7245518b95e894e258
f7049f671b9fdba99c86091b033b789ca45fbb41	1d945191b3c86985890ed0b2f0d95c9674ab6baf
f76625e6fec97240d94584b0cdf6014f836b05ac	30bc87ef398fe05eeb781ce3f441fddcd79477d9
f7aac596b83744908627a438ec30e8d03ed1a2a1	3682034d4c020d8fca8d05a1972f458fd0beb1ac
f7b8edfea56624db3f59973a3bc941e853667966	2a351a55e7a8fa570e7dfbd277f2c2016e012e6e
f8567b66f7dce0366752b90cd9f8dfb440b2a2d5	e4f3e165f0f5abb12640b50971b6a6221881b899
f8d67bee058d0ef7735bf7eab96940cd9efc6af3	e2a665635dcd9009f35756e74ab3c0d4f0f86644
f96ac4b08de7e3463999964b77326768c716fbdf	d63dd50023d8fadf3857123ccf5fd2adfb5a5b25
f9e72e3e211572e8908460ebea477bbed88a9ef9	429d41a8b599ad21cf56f7a4bbd51c43e3f4eb39
fa1c5840a6abfcfefb27ed3df5b819b944e298cd	580796e18ee12d5a41afb394825b018fb1e29aa7
fa6c4291655aafe55a04bf30cde75ae1d9da7688	34f992f02edb0688a15be40b0d21019050281647
fabc1a163953c27aba33617dae72e704bcef4e11	ef3a40b47e11cefff68b5f6a3fb07134e6aa209e
fade47963b9f78e0d90b175df29e91e5be3a0391	2e5d7bceb05e4583a7bb7ff0766e3d7019725849
fc4959ae62b6c68aec55d66c6a2b6b7c92c7e99d	a2242f8d7ba180b788e408a54d1bc19c9aca8c24
fceb106192c243237938cb869c7a9cdaa79a3710	6158d159aa0ab560bafc890849421b15b419e637
fd306123cebff84df02f9fef53fb3320fff53a9a	48957881e54c5a1b84ba649ae78f330125a5f757
fd6fbcf587fdae90906dd0c213bd26bf28c0a457	72b5397d129b994a557b2b91af7386969bc78b27
fdf4b878d103d33ae0ed98aa75dabfd7b3fea22e	80dab4f8d318ca4580efb5e586b7a29f7d8c3a98
fe472c874bc19f8a01f13f2dd9fc5f3c6f560482	76ed6ee33b0cc246f7831b70c77863402007f41a
fe6b72877918a96914bcaf80f7f685752a4c6bcf	636edec9e60ec642f5961f865dc03a70cf9da5e7
febe1f743919695f6e9402e56eb1be7941d7cc42	4bdb4a1349c81fac33a8915f346018e4872a978d
fef1c532232813a03ceb6ce63fb5bc4be919cf15	52f1561c25cab5eb34ed529017b4f70102898578
fefd5f369aaefb379eaeddef24b23505d1d59ea7	04006b22a77e083f179addfb04efb8fd59cc48d7
ff0cce80c83d6e86229068412f0accaf783d73b7	61719dd36ac094f23117d0d5a80cc05a776f8751
